player,n_shots,goals_scored,expected_goals,difference,xG_per_shot_ratio
tom huddlestone,108,2.0,3.8016648011720853,1.8016648011720813,0.035200600010852644
gokhan inler,185,9.0,7.3333418714914345,-1.6666581285085642,0.03963968579184559
florent balmont,168,5.0,7.12241697496036,2.1224169749603723,0.042395339136668805
ivan radovanovic,161,2.0,7.569230278829252,5.5692302788292585,0.04701385266353573
saphir taider,102,4.0,4.932112758952293,0.9321127589522907,0.04835404665639503
ruben rochina,179,12.0,8.72752184602501,-3.272478153975,0.04875710528505592
daniel baier,177,5.0,8.670069844066695,3.670069844066707,0.04898344544670449
michael pereira,101,3.0,4.961314774546931,1.9613147745469277,0.049121928460860706
marco estrada,106,6.0,5.324807396717507,-0.675192603282494,0.05023403204450478
gregory sertic,148,5.0,7.485723506928349,2.4857235069283568,0.05057921288465101
marcel schmelzer,135,2.0,6.883636472417881,4.8836364724178765,0.05098989979568801
milan badelj,102,6.0,5.217672929182876,-0.7823270708171217,0.051153656168459564
paul lasne,121,8.0,6.198489954351677,-1.8015100456483268,0.05122718970538576
ruben pardo,102,5.0,5.3195004885237305,0.31950048852372803,0.05215196557376206
bebe,146,5.0,7.64356868279424,2.6435686827942515,0.05235321015612493
suso,160,14.0,8.40500184091921,-5.594998159080797,0.05253126150574507
fabien lemoine,116,5.0,6.166674953404385,1.1666749534043865,0.05316099097762401
johannes geis,189,8.0,10.109328328865558,2.1093283288655567,0.053488509676537344
tino costa,147,8.0,8.027179209601512,0.02717920960149626,0.0546066612898062
perparim hetemaj,139,1.0,7.626187932474031,6.626187932474031,0.05486466138470526
marcel risse,158,12.0,8.710838121990392,-3.2891618780096037,0.055131886848040455
lossemy karaboue,105,2.0,5.806428218401088,3.806428218401092,0.055299316365724646
riccardo montolivo,195,11.0,10.799163272372645,-0.20083672762737068,0.055380324473705875
granit xhaka,158,7.0,8.882075714714844,1.8820757147148408,0.0562156690804737
luca cigarini,187,7.0,10.74796752677334,3.7479675267733445,0.05747576217525851
bakary sako,136,6.0,7.904306601192008,1.9043066011920018,0.058119901479353
idrissa gueye,120,4.0,7.057758094127622,3.057758094127629,0.05881465078439685
alfred duncan,104,2.0,6.126429023239099,4.126429023239096,0.058907971377299036
andros townsend,117,8.0,6.900838546045786,-1.099161453954213,0.05898152603457937
sebastian rudy,104,8.0,6.1533648075778675,-1.846635192422129,0.05916696930363334
recio,110,5.0,6.522439300505777,1.522439300505786,0.0592949027318707
pape diop,134,8.0,7.9553112874559035,-0.04468871254409021,0.059367994682506746
chris brunt,113,8.0,6.7193542601222855,-1.2806457398777162,0.059463312036480406
matias vecino,137,4.0,8.238430181235264,4.238430181235272,0.0601345268703304
fredy guarin,312,15.0,18.803510779615536,3.8035107796155345,0.060267662755177996
ander,158,7.0,9.574583272862611,2.574583272862616,0.06059862830925703
dani alves,140,5.0,8.509611660429446,3.509611660429449,0.0607829404316389
michael krohndehli,154,3.0,9.384587009699992,6.384587009699989,0.06093887668636358
jonjo shelvey,187,10.0,11.416928852593736,1.4169288525937207,0.061053095468415704
sergio canales,158,9.0,9.802688175328267,0.8026881753282703,0.06204233022359663
adrien regattin,150,8.0,9.341698048543156,1.3416980485431513,0.062277986990287706
lazaros christodoulopoulos,117,5.0,7.423294409149623,2.423294409149634,0.06344696076196259
konstantin rausch,122,8.0,7.764728227236178,-0.23527177276382255,0.06364531333800146
vieirinha,126,4.0,8.048630903793441,4.0486309037934385,0.0638780230459797
gary medel,114,9.0,7.29912397480872,-1.7008760251912667,0.06402740328779578
gabi,150,8.0,9.781901630409005,1.781901630408997,0.06521267753606003
toni kroos,210,15.0,13.702728287260301,-1.2972717127397178,0.0652510870821919
radja nainggolan,396,22.0,25.91336893146314,3.913368931463119,0.06543780033197763
antoine devaux,104,6.0,6.883989625652581,0.8839896256525777,0.06619220793896713
luka modric,129,8.0,8.583158669807533,0.5831586698075384,0.06653611371943824
manu trigueros,125,7.0,8.369612217073424,1.3696122170734264,0.06695689773658739
mauro zarate,140,12.0,9.376991745516415,-2.623008254483585,0.0669785124679744
yann jouffre,243,17.0,16.289336721675564,-0.7106632783244353,0.06703430749660726
markus feulner,137,9.0,9.189010331349719,0.189010331349718,0.06707306811204175
johan cavalli,108,7.0,7.26124771579435,0.26124771579434575,0.06723377514624398
alessandro diamanti,386,21.0,25.969401184515352,4.969401184515225,0.06727824141066154
dusan basta,148,9.0,10.046783084666263,1.0467830846662627,0.06788366949098826
nathan redmond,159,9.0,10.869577059113885,1.8695770591138885,0.06836211986864078
panagiotis tachtsidis,112,9.0,7.656951750734473,-1.3430482492655307,0.0683656406315578
jasmin kurtic,207,9.0,14.198861570268047,5.198861570268046,0.06859353415588429
yannis salibur,120,12.0,8.250579074138928,-3.7494209258610782,0.0687548256178244
juan vargas,135,7.0,9.300795976447045,2.3007959764470405,0.06889478501071886
piotr zielinski,115,6.0,7.9594028413147475,1.9594028413147464,0.06921219862012824
jose antonio reyes,112,5.0,7.767890001521083,2.7678900015210766,0.06935616072786681
carlos sanchez,124,4.0,8.603782449705303,4.603782449705306,0.06938534233633309
sergio almiron,121,9.0,8.470117610816697,-0.5298823891832951,0.07000097199022064
roberto trashorras,214,6.0,15.005264537573744,9.00526453757373,0.0701180585867932
edgar barreto,131,5.0,9.22323645242235,4.22323645242236,0.07040638513299503
juanfran,155,7.0,10.94680089757096,3.9468008975709488,0.07062452191981264
jaroslav plasil,166,9.0,11.731898036905736,2.731898036905733,0.07067408455967311
alain traore,165,17.0,11.704466955698638,-5.2955330443013455,0.07093616336787054
stewart downing,129,8.0,9.160401902563923,1.1604019025639212,0.07101086746173584
alvaro cejudo,212,11.0,15.061211981615791,4.061211981615794,0.07104345274347071
hernanes,354,28.0,25.299641197472038,-2.700358802528013,0.07146791298720914
joao moutinho,116,7.0,8.32424592669171,1.3242459266917173,0.07176074074734232
manuel pasqual,101,5.0,7.261687274606904,2.2616872746069014,0.07189789380798914
yannick bolasie,199,10.0,14.331303252115804,4.331303252115789,0.07201659925686334
benoit cheyrou,116,8.0,8.354626598645726,0.35462659864572116,0.0720226430917735
ricardo alvarez,165,12.0,11.889102867907162,-0.11089713209282318,0.07205516889640705
valentin eysseric,217,16.0,15.656668756392866,-0.34333124360713846,0.07215054726448325
alexander esswein,188,12.0,13.56503047028043,1.5650304702804325,0.07215441739510867
salif sane,121,10.0,8.80663945273312,-1.1933605472668778,0.0727821442374638
sebastien corchia,133,8.0,9.696713762728521,1.6967137627285251,0.0729076222761543
marcell jansen,119,8.0,8.701326347836197,0.7013263478361935,0.07312038947761511
franck tabanou,217,11.0,15.899566865143779,4.899566865143798,0.07326989338775936
maximilian arnold,148,17.0,10.86295887953543,-6.1370411204645565,0.07339837080767182
carlos carmona,105,12.0,7.712153815228635,-4.287846184771368,0.07344908395455843
andrea cossu,103,3.0,7.570745911983837,4.570745911983841,0.07350238749498872
charlie adam,160,16.0,11.765430005157079,-4.234569994842913,0.07353393753223174
morgan sanson,124,13.0,9.126768552356948,-3.8732314476430525,0.073602972196427
geoffrey kondogbia,119,5.0,8.878128841098675,3.878128841098669,0.07460612471511492
dimitri payet,456,44.0,34.12348209320842,-9.876517906791538,0.07483219757282548
angel di maria,347,30.0,26.156044849032472,-3.8439551509675947,0.07537765086176505
marco benassi,139,13.0,10.532424661012318,-2.467575338987683,0.0757728392878584
daniele baselli,103,10.0,7.817116066169653,-2.182883933830344,0.0758943307395112
ibai gomez,193,15.0,14.648133113948141,-0.35186688605187477,0.07589706276657068
victor rodriguez,139,8.0,10.56178231896962,2.5617823189696254,0.07598404546021309
blerim dzemaili,197,24.0,14.977664485296934,-9.0223355147031,0.07602875373247174
raphael guerreiro,127,12.0,9.701845136977306,-2.298154863022701,0.0763924813935221
juan arango,231,17.0,17.684023152646915,0.6840231526469163,0.07655421278202128
ronny rodelin,233,19.0,17.867604157085527,-1.132395842914467,0.07668499638234132
marcelo brozovic,110,8.0,8.463054137101565,0.4630541371015679,0.07693685579183242
kwadwo asamoah,112,7.0,8.620896926519979,1.6208969265199749,0.07697229398678553
alex lopez,124,8.0,9.566406980747471,1.5664069807474752,0.07714844339312477
yohan mollo,117,14.0,9.028384235835375,-4.971615764164622,0.07716567722936218
matias fernandez,118,7.0,9.158582429888005,2.158582429888008,0.07761510533803394
arnold mvuemba,102,7.0,7.919947697944007,0.919947697944009,0.07764654605827458
benjamin andre,121,9.0,9.399645983860122,0.3996459838601198,0.077683024660001
marcos alonso,138,7.0,10.740182028915255,3.7401820289152523,0.07782740600663228
felipe anderson,165,19.0,12.852658082400012,-6.147341917600008,0.07789489746909098
gaston ramirez,123,12.0,9.58925924137787,-2.410740758622135,0.07796145724697456
emre can,110,9.0,8.576032334784603,-0.42396766521539264,0.07796393031622366
ilkay gundogan,173,13.0,13.52586807318919,0.5258680731891792,0.07818420851554446
yoann gourcuff,119,16.0,9.324299240703144,-6.675700759296863,0.0783554558042281
emiliano armenteros,141,9.0,11.061841661862438,2.0618416618624376,0.07845277774370524
craig gardner,113,7.0,8.898567930092293,1.8985679300922924,0.0787483887618787
christian eriksen,320,28.0,25.236440152479503,-2.7635598475205034,0.07886387547649845
david alaba,147,9.0,11.595829446243895,2.595829446243896,0.07888319351186324
cristian tello,110,13.0,8.694294292182349,-4.305705707817653,0.07903903901983954
victor sanchez,106,9.0,8.393845180622304,-0.6061548193776978,0.07918721868511606
yacine bammou,139,9.0,11.020979571236541,2.0209795712365497,0.07928762281465138
steven nzonzi,108,10.0,8.596561583158639,-1.4034384168413596,0.07959779243665406
herve bazile,101,9.0,8.055768066000715,-0.944231933999292,0.07976007986139322
sergi darder,152,9.0,12.124633848916664,3.1246338489166603,0.07976732795339911
ibrahima traore,145,11.0,11.606130831171614,0.606130831171613,0.08004228159428699
juan guillermo cuadrado,272,22.0,21.778985509903993,-0.2210144900960082,0.08006979966876468
djibril sidibe,103,9.0,8.265995458531567,-0.7340045414684315,0.08025238309253949
jordan veretout,125,9.0,10.098792150814385,1.0987921508143779,0.08079033720651507
pedro leon,303,21.0,24.491189152702383,3.4911891527023635,0.08082900710462833
giacomo bonaventura,358,29.0,28.983002353456733,-0.016997646543263113,0.08095810713256071
willian,191,16.0,15.50384269604798,-0.49615730395200885,0.08117195128820932
mathieu valbuena,219,17.0,17.789249590535583,0.7892495905355693,0.08122945018509399
bruno fernandes,178,14.0,14.511155136594763,0.511155136594747,0.08152334346401552
nicolas mauricebelay,142,10.0,11.588784495271693,1.588784495271699,0.08161115841740628
ever banega,192,14.0,15.694043333881408,1.6940433338813943,0.08173980903063234
roberto torres,105,11.0,8.615052671210396,-2.3849473287896035,0.08204812067819425
yohan cabaye,192,14.0,15.772656870054828,1.7726568700548269,0.08214925453153556
gonzalo castro,408,39.0,33.57654546090125,-5.423454539098786,0.08229545456103247
fabien camus,146,11.0,12.027992226456359,1.0279922264563588,0.08238350840038602
lass,162,7.0,13.412066865603222,6.412066865603233,0.0827905362074273
duda,124,5.0,10.272755326733407,5.272755326733407,0.0828448010220436
juraj kucka,231,13.0,19.16627774756156,6.166277747561539,0.08297089934009333
sadio diallo,115,7.0,9.558339683819383,2.5583396838193897,0.08311599725060334
thiago ribeiro,109,6.0,9.066536629650523,3.0665366296505296,0.08317923513440847
morales,110,8.0,9.168019033436249,1.1680190334362537,0.08334562757669317
borja valero,224,17.0,18.68079541023971,1.6807954102397007,0.08339640808142727
ross barkley,255,17.0,21.3584714317939,4.358471431793885,0.08375871149723099
filip kostic,119,10.0,9.971811732974649,-0.028188267025351876,0.0837967372518878
saul niguez,135,11.0,11.339959119878554,0.3399591198785452,0.08399969718428558
piti,318,29.0,26.750963656709352,-2.249036343290742,0.08412252722235646
pablo sarabia,201,16.0,16.92965494196437,0.9296549419643656,0.0842271390147481
benat,215,14.0,18.123796856494867,4.123796856494855,0.0842967295650924
franco vazquez,262,23.0,22.09352224015488,-0.9064777598451548,0.08432642076394992
gael danic,218,19.0,18.407430952155213,-0.592569047844798,0.08443775666126245
sulley ali muntari,110,11.0,9.337072248342325,-1.662927751657681,0.08488247498493023
lorenzo insigne,394,28.0,33.497319974877236,5.497319974877239,0.08501857861643969
pizzi,137,12.0,11.65650252922925,-0.3434974707707479,0.08508396006736679
yacine brahimi,123,5.0,10.46956886707459,5.469568867074591,0.08511844607377717
panagiotis kone,207,13.0,17.633011347867672,4.633011347867652,0.08518362969984383
jason puncheon,216,15.0,18.459830283120194,3.4598302831201564,0.08546217723666756
andres iniesta,179,9.0,15.311222511047701,6.311222511047688,0.08553755592764078
alejandro gomez,336,28.0,28.79502018375743,0.7950201837574142,0.0856994648326114
takashi inui,188,10.0,16.138277457314594,6.13827745731459,0.08584190136869464
oscar trejo,152,14.0,13.055627704464221,-0.9443722955357875,0.08589228752936988
jonathan de guzman,105,10.0,9.023111274957865,-0.9768887250421395,0.0859343930948368
aleksandar kolarov,130,9.0,11.173627148092244,2.1736271480922436,0.08595097806224804
patrick ebert,129,9.0,11.108720918448524,2.108720918448524,0.08611411564688778
angel lafita,199,16.0,17.14462002938209,1.144620029382096,0.08615386949438236
mikel rico,143,13.0,12.33373134180838,-0.6662686581916226,0.08624986952313551
lewis holtby,175,15.0,15.108039377202473,0.10803937720247378,0.08633165358401414
morgan amalfitano,141,9.0,12.206261816822154,3.2062618168221557,0.08656923274341953
bosko jankovic,161,14.0,13.949889841292212,-0.05011015870779941,0.08664527851734292
jires kemboekoko,103,10.0,8.946316821527915,-1.053683178472078,0.08685744486920306
floyd ayite,215,21.0,18.77038689392191,-2.2296131060780984,0.08730412508800887
dorlan pabon,112,11.0,9.781399972087305,-1.2186000279127003,0.08733392832220808
renaud cohade,174,13.0,15.196572362053626,2.196572362053594,0.08733662277042313
xherdan shaqiri,163,17.0,14.243707868068931,-2.7562921319310716,0.08738471084704866
koke,209,21.0,18.328360375644632,-2.671639624355381,0.08769550418968723
paul pogba,374,32.0,32.839536080031955,0.8395360800319623,0.087806246203294
roberto soriano,185,21.0,16.246371106670995,-4.753628893329014,0.0878182221982216
philippe coutinho,406,30.0,35.66331365330333,5.663313653303346,0.0878406740229146
zdravko kuzmanovic,104,5.0,9.150463584148898,4.150463584148906,0.08798522677066248
claudio marchisio,251,21.0,22.10533945259208,1.1053394525920606,0.0880690814844306
kevinprince boateng,274,19.0,24.148668406277988,5.148668406277975,0.08813382630028463
sidney sam,102,14.0,9.00116296889675,-4.99883703110324,0.08824669577349756
jeanchristophe bahebeck,127,10.0,11.249124836762688,1.2491248367626866,0.08857578611624163
stephane sessegnon,121,8.0,10.738105114053846,2.7381051140538477,0.08874467036408137
hakan calhanoglu,316,26.0,28.0615493333448,2.0615493333447925,0.08880237130805317
clement grenier,158,14.0,14.060527066144955,0.06052706614494469,0.08899067763382883
karim bellarabi,242,22.0,21.536428622955906,-0.4635713770440978,0.08899350670642936
albin ekdal,122,9.0,10.86947770705657,1.8694777070565658,0.08909407956603746
andrea lazzari,113,5.0,10.069436537170809,5.0694365371708106,0.08911005785106911
ryad boudebouz,279,27.0,24.875244385316076,-2.124755614684009,0.0891585820262225
nabil fekir,151,22.0,13.466438726447947,-8.533561273552044,0.08918171342018508
andrea bertolacci,187,17.0,16.694134423952512,-0.3058655760474879,0.08927344611739312
florian thauvin,283,31.0,25.312981609278147,-5.687018390721924,0.08944516469709593
antonio floro flores,247,15.0,22.104891345950325,7.10489134595032,0.08949348723056812
daniele conti,188,12.0,16.854136316875064,4.85413631687504,0.08964966125997374
eugen polanski,120,12.0,10.774924006947977,-1.2250759930520279,0.08979103339123314
pablo barrientos,140,14.0,12.578836658128475,-1.4211633418715213,0.08984883327234625
daniele de rossi,113,8.0,10.153272449344314,2.1532724493443074,0.08985196857826827
gilles sunu,143,11.0,12.869289280128987,1.8692892801289864,0.08999502993097194
isco,267,33.0,24.228152427338415,-8.771847572661592,0.09074214392261579
mario,117,6.0,10.631190838888545,4.631190838888551,0.09086487896485936
julian draxler,230,23.0,20.906420046180163,-2.09357995381984,0.09089747846165289
gianluca caprari,102,6.0,9.296216207824964,3.2962162078249633,0.09113937458651926
benjamin corgnet,210,21.0,19.174936069366726,-1.8250639306332743,0.09130921937793679
ludovic obraniak,156,17.0,14.268384160005805,-2.7316158399941917,0.09146400102567824
pablo hernandez,153,12.0,13.994718745893197,1.9947187458931968,0.09146874997315815
lukasz piszczek,107,13.0,9.820839623609483,-3.179160376390522,0.09178354788420078
jesus navas,274,9.0,25.196174173931286,16.19617417393124,0.0919568400508441
antonio candreva,556,46.0,51.169470907775924,5.169470907775918,0.09203142249599987
marcelo,152,13.0,14.00935543080369,1.009355430803687,0.09216681204476113
pablo piatti,140,21.0,12.9046940836585,-8.095305916341514,0.09217638631184642
josip ilicic,388,39.0,35.80428605944601,-3.195713940554077,0.09227908778207734
zlatko junuzovic,211,15.0,19.476711330784443,4.4767113307844415,0.09230668877149026
younousse sankhare,132,14.0,12.192600382348283,-1.8073996176517224,0.09236818471475972
kevin de bruyne,325,33.0,30.039678504076694,-2.9603214959233184,0.09242978001254368
ivo ilicevic,131,11.0,12.110011921350129,1.1100119213501205,0.0924428390942758
james morrison,101,9.0,9.339939887442947,0.3399398874429499,0.09247465235092027
marco parolo,324,26.0,30.15286308946259,4.152863089462575,0.09306439225142774
romain hamouma,221,26.0,20.58003429949264,-5.41996570050735,0.09312232714702552
moussa sissoko,211,11.0,19.73547031846516,8.735470318465149,0.09353303468466902
valter birsa,150,14.0,14.03264148806714,0.0326414880671336,0.09355094325378094
andrea pirlo,213,16.0,20.13454944017325,4.134549440173217,0.09452840112757394
rafinha,112,15.0,10.596599433372266,-4.403400566627732,0.0946124949408238
ayoze perez,109,13.0,10.329822298471004,-2.670177701528997,0.09476901191257803
juan iturbe,123,11.0,11.657902755815474,0.6579027558154736,0.09477969720175182
manolo gabbiadini,330,38.0,31.286190795470088,-6.713809204530021,0.09480663877415178
vladimir darida,111,13.0,10.53342023837387,-2.466579761626131,0.09489567782318802
dries mertens,270,34.0,25.630040744843267,-8.369959255156735,0.09492607683275284
corentin tolisso,159,17.0,15.102977880035027,-1.8970221199649788,0.09498728226437124
fernandinho,103,11.0,9.800933907241985,-1.199066092758014,0.09515469812856296
hatem ben arfa,128,18.0,12.195447707863694,-5.804552292136306,0.09527693521768511
lucas castro,162,12.0,15.435169155173806,3.4351691551738006,0.09527882194551732
serge gakpe,159,15.0,15.169614832699756,0.1696148326997574,0.09540638259559595
dusan tadic,147,13.0,14.030117845881557,1.0301178458815583,0.09544297854341195
keisuke honda,112,8.0,10.690408279612928,2.6904082796129316,0.09545007392511543
mehdi mostefa,125,9.0,11.955198487499459,2.955198487499461,0.09564158789999568
jordan henderson,133,13.0,12.734129777290619,-0.26587022270939303,0.09574533667135804
haris seferovic,210,17.0,20.23603063372985,3.2360306337298277,0.0963620506368088
lars bender,110,12.0,10.617519424819593,-1.3824805751804046,0.0965229038619963
remy cabella,311,31.0,30.0274424788235,-0.9725575211764913,0.09655126198978617
keita,175,15.0,16.908137093542795,1.9081370935427828,0.09661792624881597
riccardo meggiorini,241,15.0,23.320883562588065,8.320883562588037,0.09676715171198368
ignacio camacho,107,15.0,10.354279965178259,-4.645720034821739,0.09676897163718
joan verdu,162,17.0,15.68002142216148,-1.3199785778385205,0.09679025569235482
etienne capoue,162,16.0,15.72098975779913,-0.27901024220087833,0.09704314665308104
adrian colunga,127,13.0,12.382721738769211,-0.6172782612307889,0.09750174597456072
nelson oliveira,126,13.0,12.294304547560474,-0.7056954524395282,0.09757384561555932
james rodriguez,183,27.0,17.859729527191938,-9.140270472808053,0.09759415042181387
djamel bakar,125,10.0,12.216649016033818,2.216649016033816,0.09773319212827054
yannick ferreiracarrasco,114,11.0,11.144503326777,0.1445033267769925,0.09775880111207895
kevin monnetpaquet,215,19.0,21.02354009358161,2.023540093581611,0.09778390741200749
romain alessandrini,226,23.0,22.144656902459722,-0.8553430975403424,0.09798520753300761
gregoire defrel,134,22.0,13.14100944975461,-8.858990550245386,0.09806723469966128
michel bastos,123,15.0,12.084847305274982,-2.9151526947250117,0.0982507910997966
emanuele giaccherini,145,13.0,14.246638149033043,1.2466381490330407,0.09825267688988305
wilfried zaha,106,10.0,10.415076510173638,0.41507651017364133,0.098255438775223
federico bernardeschi,101,11.0,9.924549522527947,-1.0754504774720524,0.09826286655968264
adam lallana,180,24.0,17.696279077516856,-6.303720922483167,0.09831266154176031
diego,327,28.0,32.15127619624993,4.151276196249887,0.09832194555428113
augusto fernandez,155,10.0,15.266445787509452,5.266445787509442,0.09849319862909324
son heungmin,102,16.0,10.047432426087806,-5.952567573912191,0.09850423947144908
fabian orellana,172,14.0,16.951801109768347,2.951801109768342,0.0985569831963276
heungmin son,225,32.0,22.180773383379567,-9.819226616620444,0.09858121503724251
emmanuel badu,116,10.0,11.481515864525225,1.4815158645252204,0.09897858503901055
xavi,123,18.0,12.21212027179692,-5.787879728203097,0.09928553066501561
samuel etoo,117,14.0,11.620419636319644,-2.3795803636803603,0.09931982595144995
henri saivet,198,18.0,19.679185443648233,1.6791854436482236,0.09938982547297087
stevan jovetic,351,41.0,34.9514236312753,-6.048576368724693,0.09957670550220882
gylfi sigurdsson,262,26.0,26.152181578789506,0.152181578789476,0.09981748694194467
santiago cazorla,274,20.0,27.412849070772992,7.412849070772961,0.10004689441887954
franck ribery,226,40.0,22.639183280260582,-17.36081671973942,0.10017337734628576
leonardo bittencourt,127,9.0,12.730689335423198,3.7306893354231954,0.10024164831041889
henrikh mkhitaryan,226,25.0,22.71456119501587,-2.2854388049841345,0.1005069079425481
cheikh ndoye,103,11.0,10.363945313473668,-0.6360546865263369,0.10062082828615211
erik lamela,254,27.0,25.645514189920423,-1.3544858100796207,0.1009665912988993
daniel didavi,196,27.0,19.82655552203309,-7.173444477966913,0.101155895520577
senad lulic,145,18.0,14.693248594670987,-3.3067514053290172,0.10133274892876543
helder postiga,234,27.0,23.728492275256645,-3.2715077247433775,0.10140381314212242
tobias werner,239,23.0,24.25510574712245,1.2551057471224136,0.10148579810511485
naldo,232,19.0,23.645140736382242,4.645140736382211,0.10191871007061311
wahbi khazri,277,29.0,28.237615129176884,-0.7623848708231291,0.1019408488417938
alessandro florenzi,211,21.0,21.518729843120553,0.5187298431205584,0.10198450162616376
benjamin jeannot,132,14.0,13.462779005933482,-0.5372209940665235,0.10199075004495062
andy delort,153,12.0,15.619419595518204,3.619419595518211,0.10208770977462879
cedric barbosa,111,21.0,11.343856400760016,-9.656143599239984,0.1021969045113515
jonathan pitroipa,158,13.0,16.161073676319656,3.1610736763196665,0.10228527643240289
alberto aquilani,205,14.0,20.98240402076112,6.9824040207611215,0.10235319034517619
alessio cerci,303,31.0,31.01545263821478,0.015452638214644265,0.10236122982909168
sebastian giovinco,270,24.0,27.71578639817771,3.7157863981776864,0.10265106073399151
rafael van der vaart,148,13.0,15.199098779755724,2.199098779755718,0.10269661337672786
anthony mounier,202,25.0,20.757003476663613,-4.242996523336409,0.10275744295378027
joel campbell,126,9.0,12.94871723800518,3.948717238005193,0.10276759712702524
nicola sansone,245,32.0,25.178835381861454,-6.821164618138549,0.10277075666065899
marko arnautovic,319,29.0,32.80410392922719,3.8041039292271868,0.10283418159632347
andreas ivanschitz,192,17.0,19.753601375745355,2.753601375745307,0.10288334049867372
alvaro gonzalez,126,8.0,12.998824914356508,4.998824914356511,0.10316527709806753
marek hamsik,412,45.0,42.630371997132166,-2.369628002867835,0.10347177669206836
luis alberto,109,8.0,11.29040133490378,3.29040133490378,0.10358166362297046
kevin mirallas,194,23.0,20.10538480880014,-2.8946151911998634,0.10363600416907288
andre schurrle,374,38.0,38.859464142389676,0.8594641423896661,0.10390231054114886
stephan el shaarawy,259,30.0,26.914265648645024,-3.0857343513549664,0.10391608358550203
manu del moral,170,15.0,17.668188578584942,2.66818857858493,0.10393052105049966
leon goretzka,107,8.0,11.12154849968953,3.1215484996895304,0.10393970560457504
esteban cambiasso,125,17.0,13.011054742493355,-3.9889452575066544,0.10408843793994685
halil altintop,104,15.0,10.841090808738644,-4.158909191261356,0.10424125777633311
iago falque,154,26.0,16.06266439874618,-9.93733560125381,0.10430301557627389
alejandro bedoya,119,11.0,12.422262338631633,1.4222623386316333,0.10438875914816498
jacheol koo,120,20.0,12.526796445918315,-7.473203554081688,0.10438997038265262
kamil grosicki,112,13.0,11.692287444795202,-1.307712555204797,0.10439542361424288
salva sevilla,105,9.0,10.977276190280131,1.9772761902801337,0.10454548752647744
ezequiel schelotto,105,8.0,10.98604698327197,2.9860469832719674,0.10462901888830448
jordan ayew,316,35.0,33.07050735022741,-1.9294926497726164,0.10465350427287155
danilo,115,11.0,12.038302386622252,1.0383023866222536,0.10468089031845437
jonathan schmid,171,21.0,18.046922113115325,-2.953077886884676,0.10553755621704869
ivan perisic,307,41.0,32.425257694625955,-8.574742305374098,0.10561973190431907
arda turan,167,17.0,17.65546140048039,0.6554614004803797,0.10572132575137959
inaki williams,104,11.0,10.998071078335338,-0.0019289216646627971,0.1057506834455321
lukas podolski,148,22.0,15.662316565938486,-6.3376834340614945,0.10582646328336814
andrepierre gignac,409,51.0,43.39147377666001,-7.608526223339973,0.10609162292581908
deyverson,103,15.0,10.948067686437954,-4.051932313562035,0.10629191928580538
iker muniain,149,11.0,15.882484009160816,4.88248400916081,0.10659385241047528
riccardo saponara,152,14.0,16.208441893477783,2.2084418934777847,0.10663448614130121
maximiliano moralez,177,16.0,18.90245133526779,2.9024513352677817,0.10679351036874458
david silva,164,20.0,17.51465762136184,-2.485342378638162,0.10679669281318196
modibo maiga,108,20.0,11.561715214166213,-8.438284785833778,0.10705291864968716
adem ljajic,285,34.0,30.558009491651358,-3.441990508348633,0.1072210859356188
max meyer,124,17.0,13.297886430726114,-3.702113569273882,0.10724101960262995
francesco totti,369,43.0,39.573718527886136,-3.4262814721137835,0.10724584966906812
enner valencia,125,9.0,13.409343125005432,4.4093431250054405,0.10727474500004346
riyad mahrez,190,24.0,20.389561451493446,-3.6104385485065804,0.10731348132364972
thiago alcantara,110,11.0,11.832736597618409,0.8327365976184082,0.1075703327056219
abdoulaye doucoure,122,12.0,13.139400013911393,1.1394000139113794,0.10770000011402782
raul garcia,353,39.0,38.04337494062683,-0.9566250593732286,0.1077716003983763
javier pastore,230,25.0,24.83353809277165,-0.16646190722835785,0.10797190475118108
kevin volland,282,29.0,30.50648263927689,1.5064826392768365,0.10817901645133648
franco brienza,175,17.0,18.959207637686575,1.959207637686555,0.108338329358209
daniel caligiuri,229,20.0,24.81228481463178,4.812284814631746,0.10835058871018245
lucas ocampos,124,12.0,13.446844555679712,1.4468445556797198,0.10844229480386865
kaka,121,15.0,13.141683592474102,-1.858316407525895,0.10860895530970333
roberto firmino,427,50.0,46.44166381495485,-3.558336185045141,0.10876267872354765
mathieu dossevi,112,8.0,12.18461340501329,4.184613405013292,0.10879119111619008
saber khelifa,115,16.0,12.511277719326781,-3.488722280673209,0.10879371929849375
jay rodriguez,131,19.0,14.2557016982619,-4.744298301738093,0.10882215036841145
nicolas de preville,217,19.0,23.640081886075894,4.6400818860758735,0.10894046952108707
nacer chadli,130,19.0,14.187006417951538,-4.812993582048463,0.10913081859962721
connor wickham,145,17.0,15.834270581544832,-1.1657294184551596,0.10920186607961953
massimo maccarone,198,25.0,21.622602307093032,-3.3773976929069778,0.10920506215703552
paulgeorges ntep,128,18.0,13.98514678492505,-4.01485321507497,0.10925895925722695
leo baptistao,114,12.0,12.465833475520496,0.4658334755204956,0.10934941645193418
giovanni sio,175,21.0,19.143153322258925,-1.8568466777410895,0.10938944755576528
markel susaeta,215,23.0,23.582368535930936,0.5823685359309386,0.10968543505084156
nabil el zhar,114,12.0,12.512472945620882,0.5124729456208884,0.10975853461070949
fabio quagliarella,424,39.0,46.57980656130764,7.579806561307663,0.1098580343427067
nikica jelavic,128,14.0,14.068850234700315,0.06885023470031726,0.10991289245859621
roy contout,112,10.0,12.316364043725455,2.31636404372546,0.10996753610469157
maxime gonalons,115,7.0,12.706377779128593,5.70637777912859,0.11049024155763994
gregory pujol,121,20.0,13.401306489828412,-6.598693510171593,0.11075459908949101
eric bautheac,272,26.0,30.141698970211483,4.141698970211398,0.11081506974342457
fabrizio miccoli,218,24.0,24.159561032837622,0.159561032837616,0.1108236744625579
robert acquafresca,104,9.0,11.58185526370136,2.581855263701357,0.11136399292020539
diego perotti,152,15.0,16.96209289391885,1.9620928939188502,0.11159271640736086
andy carroll,162,21.0,18.0845066415804,-2.915493358419606,0.1116327570467926
luiz gustavo,126,13.0,14.09093049105855,1.0909304910585609,0.11183278167506785
bastian schweinsteiger,133,19.0,14.88411229942112,-4.115887700578875,0.11191061879264001
dele alli,125,21.0,14.003370401988727,-6.996629598011276,0.11202696321590981
samir nasri,106,11.0,11.884364356669334,0.8843643566693331,0.112116644874239
christian gentner,197,23.0,22.121579889729233,-0.8784201102707964,0.11229228370420931
bojan,158,24.0,17.774813896885775,-6.2251861031142335,0.11249882213218845
gaetan charbonnier,132,19.0,14.890957034181731,-4.109042965818274,0.11281028056198282
riki,159,15.0,17.947032828104852,2.947032828104841,0.11287442030254624
kevin grosskreutz,111,10.0,12.540838426205301,2.5408384262053008,0.11298052636220993
arjen robben,343,50.0,38.82867114738876,-11.171328852611397,0.11320312287868443
victor hugo montano,108,12.0,12.246808258070207,0.2468082580702018,0.11339637275990933
giovani dos santos,168,18.0,19.058419640955425,1.0584196409554014,0.1134429740533061
jonas,245,33.0,27.865117060628144,-5.134882939371858,0.11373517167603324
bernardo silva,105,20.0,11.943885920915072,-8.056114079084928,0.11375129448490545
simone pepe,101,10.0,11.489664655285285,1.4896646552852857,0.11375905599292362
kevin berigaud,210,25.0,23.890571407753207,-1.1094285922468095,0.11376462575120574
luis muriel,303,38.0,34.51795385518861,-3.482046144811415,0.11392063978610102
brandao,169,20.0,19.263425684970265,-0.736574315029751,0.11398476736668796
alassane plea,168,17.0,19.155766932628477,2.155766932628483,0.11402242221802665
adrian,275,24.0,31.369997729109375,7.369997729109289,0.11407271901494319
gaetan courtet,103,11.0,11.750993681497821,0.7509936814978271,0.11408731729609535
grzegorz krychowiak,134,12.0,15.295106258602438,3.2951062586024187,0.11414258401942118
miralem pjanic,330,33.0,37.75211938817063,4.752119388170594,0.11440036178233523
hiroshi kiyotake,140,17.0,16.041342760565318,-0.9586572394346862,0.1145810197183237
branislav ivanovic,108,8.0,12.385866827494986,4.385866827494977,0.11468395210643506
domenico berardi,287,40.0,32.91762976677325,-7.082370233226821,0.11469557410025523
sofiane feghouli,170,21.0,19.520996293009233,-1.4790037069907553,0.11482938995887784
lars stindl,256,28.0,29.400729982346004,1.4007299823460024,0.11484660149353908
junior tallo,107,11.0,12.292586929254364,1.2925869292543695,0.11488398999303144
dennis oliech,118,14.0,13.597036562657303,-0.4029634373427005,0.11522912341235003
carlos tevez,239,39.0,27.548329400153687,-11.451670599846313,0.1152649765696807
claudio beauvue,233,29.0,26.901409326176875,-2.098590673823143,0.11545669238702522
daniel wass,253,29.0,29.21225874504103,0.21225874504104825,0.11546347330055744
john utaka,121,13.0,13.975395554454298,0.9753955544543045,0.11549913681367188
alberto bueno,198,32.0,22.880932125662767,-9.119067874337244,0.11556026326092307
mohamed salah,160,29.0,18.5066919546699,-10.493308045330108,0.11566682471668688
lucas moura,225,26.0,26.11093885002027,0.11093885002027154,0.1160486171112012
ivan rakitic,271,35.0,31.523911054521005,-3.4760889454789896,0.11632439503513285
aaron ramsey,191,17.0,22.237852962587603,5.2378529625876,0.11642854954234347
arturo vidal,308,40.0,35.89306708837174,-4.106932911628257,0.11653593210510305
yaya toure,236,37.0,27.508287209174945,-9.491712790825076,0.11656053902192773
jonathan viera,194,21.0,22.612928209205137,1.6129282092051314,0.11656148561445946
layvin kurzawa,102,11.0,11.905411932269645,0.9054119322696419,0.11671972482617299
didier ya konan,155,16.0,18.113905121973335,2.11390512197333,0.1168639040127312
max kruse,280,40.0,32.90211589796532,-7.097884102034702,0.11750755677844756
danny ings,108,13.0,12.70627246887786,-0.29372753112215316,0.11765067100812833
younes belhanda,148,26.0,17.45511032161232,-8.5448896783877,0.11793993460548866
oscar,275,29.0,32.5522808162302,3.5522808162301986,0.1183719302408371
joaquin,143,12.0,16.938515520040777,4.938515520040789,0.11845115748280263
joselu,231,27.0,27.379424203151814,0.37942420315178577,0.1185256459010901
victor,132,17.0,15.659621494377642,-1.3403785056223514,0.11863349616952759
wayne rooney,260,36.0,30.87249017708771,-5.127509822912287,0.11874034683495273
stefan aigner,157,24.0,18.64631263819008,-5.35368736180992,0.11876632253624254
oscar de marcos,159,16.0,18.897646765897285,2.897646765897288,0.1188531243138194
mirko vucinic,200,20.0,23.776412893112987,3.7764128931130014,0.11888206446556493
gareth bale,301,50.0,35.786042484852594,-14.213957515147492,0.11889050659419466
max gradel,228,31.0,27.11342164643763,-3.8865783535623892,0.1189185159931475
ricardo rodriguez,137,16.0,16.304654802161583,0.3046548021615812,0.11901207884789476
jonathan biabiany,169,15.0,20.114546866569956,5.114546866569953,0.11902098737615359
serge aurier,124,11.0,14.796652506157681,3.796652506157678,0.1193278427915942
nolito,320,46.0,38.19990660905009,-7.800093390949958,0.11937470815328152
luca rigoni,136,22.0,16.300859037963846,-5.699140962036153,0.1198592576320871
simone zaza,211,25.0,25.342034346338494,0.34203434633844826,0.12010442818169902
andrej kramaric,113,11.0,13.58479687571459,2.5847968757145856,0.12021944137800522
manuel pucciarelli,126,12.0,15.239187180615943,3.239187180615942,0.12094593000488843
raul bobadilla,197,19.0,23.883443206349085,4.8834432063490825,0.12123575231649282
shinji kagawa,151,25.0,18.35604076250229,-6.643959237497719,0.12156318385763105
francesco lodi,219,23.0,26.665980718094005,3.6659807180938797,0.12176246903239271
raffael,318,50.0,38.77933400515895,-11.220665994840981,0.12194759121119167
giorgio chiellini,112,8.0,13.66418466981902,5.664184669819,0.12200164883766983
mbaye niang,222,19.0,27.098800537495382,8.09880053749537,0.12206666908781703
andre hahn,180,23.0,22.041250101046447,-0.9587498989535452,0.12245138945025805
shane long,169,23.0,20.722948195486893,-2.2770518045131034,0.12262099523956742
antonio nocerino,113,15.0,13.86447042458606,-1.1355295754139374,0.12269442853615982
fin bartels,106,15.0,13.031872111145173,-1.9681278888548293,0.12294218972778465
sergio garcia,284,37.0,34.94222237876448,-2.0577776212355143,0.12303599429142421
antoine griezmann,493,80.0,60.674942016188766,-19.325057983811284,0.12307290469815166
mario gotze,203,37.0,24.994029235420193,-12.00597076457979,0.12312329672620785
eder,457,54.0,56.39341597789499,2.3934159778951045,0.12339915968904812
anthony martial,143,24.0,17.659621495777703,-6.3403785042223095,0.1234938566138301
daniel sturridge,196,31.0,24.20819786142858,-6.791802138571441,0.12351121357871725
admir mehmedi,139,19.0,17.250626816117947,-1.7493731838820685,0.12410522889293488
marco reus,408,65.0,50.73026176337072,-14.269738236629241,0.12433887687100667
loic remy,221,31.0,27.53322799430907,-3.46677200569094,0.12458474205569714
michu,110,15.0,13.737807614749295,-1.262192385250697,0.1248891601340845
leroy fer,120,15.0,14.988456238494043,-0.01154376150595346,0.12490380198745037
tomas pekhart,112,13.0,13.98963509464119,0.9896350946411924,0.12490745620215349
gabriel agbonlahor,105,11.0,13.126440541333256,2.1264405413332543,0.1250137194412691
odion ighalo,231,29.0,28.891459591296034,-0.10854040870400239,0.12507125364197416
carlos vela,404,55.0,50.592983542882834,-4.407016457117333,0.12523015728436346
artjoms rudnevs,165,21.0,20.72262794258559,-0.2773720574144273,0.12559168450051872
nolan roux,361,47.0,45.40051618768667,-1.5994838123133508,0.12576320273597416
fabio borini,183,23.0,23.015884905208768,0.01588490520876467,0.12576986286999328
rickie lambert,114,14.0,14.39421658207886,0.3942165820788528,0.12626505773753385
aaron hunt,215,25.0,27.15360141900111,2.153601419001066,0.12629582055349353
julien feret,206,30.0,26.03207648791666,-3.967923512083333,0.12636930333940127
mesut ozil,187,33.0,23.68448985356717,-9.315510146432835,0.12665502595490466
benjamin nivet,116,19.0,14.69271986824848,-4.307280131751515,0.12666137817455586
stephan lichtsteiner,103,13.0,13.051212106875301,0.0512121068752977,0.12671079715412914
souleymane camara,280,33.0,35.51346316559071,2.513463165590675,0.1268337970199668
yunus malli,191,28.0,24.318457864073498,-3.6815421359265197,0.12732176892185076
barkero,104,12.0,13.254751030048697,1.2547510300486968,0.12744952913508362
foued kadir,145,16.0,18.486876801156352,2.4868768011563462,0.12749570207694036
oriol riera,182,24.0,23.2386729674212,-0.7613270325788265,0.12768501630451207
jose callejon,319,48.0,40.74184508449713,-7.258154915502896,0.12771738271002234
mario balotelli,362,36.0,46.3165622978706,10.31656229787061,0.12794630469025026
bruno grougi,110,10.0,14.075424477309237,4.075424477309229,0.12795840433917488
yoan gouffran,185,29.0,23.686476044430506,-5.3135239555694875,0.1280350056455703
marco rigoni,115,13.0,14.788201181477824,1.7882011814778185,0.12859305375198107
abel hernandez,143,14.0,18.389622936860626,4.389622936860623,0.12859876179622814
andre ayew,340,46.0,43.72882273364772,-2.2711772663523364,0.1286141845107286
ishak belfodil,107,9.0,13.768941947895941,4.768941947895945,0.1286817004476256
yannick sagbo,137,18.0,17.62953364443796,-0.3704663555620341,0.12868272733166394
paulo dybala,288,38.0,37.131083889525954,-0.8689161104741447,0.12892737461640957
blaise matuidi,125,19.0,16.134594380348112,-2.8654056196518924,0.1290767550427849
sven schipplock,113,16.0,14.609817340577544,-1.3901826594224564,0.12929041894316412
sergio floccari,194,22.0,25.21577376835032,3.2157737683502896,0.12997821530077486
raheem sterling,222,27.0,28.872977259006234,1.8729772590062053,0.1300584561216497
mevlut erdinc,290,44.0,37.73219634516492,-6.2678036548351175,0.13011102187987905
eric maxim choupomoting,201,24.0,26.167414069842152,2.1674140698421467,0.130186139650956
christophe mandanne,111,14.0,14.452524118650485,0.45252411865049186,0.1302029199878422
gerard moreno,129,18.0,16.842541078019362,-1.1574589219806386,0.1305623339381346
jonathas,145,22.0,18.980513910037548,-3.019486089962447,0.13090009593129343
alvaro morata,166,28.0,21.733427651698147,-6.266572348301875,0.13092426296203702
graziano pelle,222,24.0,29.121733197534585,5.121733197534547,0.1311789783672729
robinho,111,10.0,14.586149932013138,4.586149932013135,0.1314067561442625
pierremichel lasogga,244,32.0,32.08012164642173,0.08012164642172784,0.13147590838697432
nene,231,30.0,30.41042992140925,0.41042992140922635,0.13164688277666342
inigo martinez,110,18.0,14.483567680218563,-3.5164323197814347,0.13166879709289603
jimmy briand,238,32.0,31.367440638167487,-0.6325593618325317,0.13179596906793062
rolando bianchi,152,14.0,20.10657648432302,6.106576484323014,0.13228010844949356
stefano mauri,123,21.0,16.278745755580754,-4.721254244419248,0.13234752646813622
fernando torres,166,22.0,21.989869128560503,-0.010130871439491679,0.13246909113590666
antonio cassano,151,29.0,20.08313523030134,-8.916864769698643,0.13300089556490954
martin braithwaite,293,30.0,39.01293438110071,9.01293438110071,0.1331499466931765
innocent emeghara,109,16.0,14.52869511569163,-1.4713048843083716,0.13329078087790486
xabi prieto,142,21.0,18.984397013339002,-2.015602986661006,0.13369293671365495
ivica olic,188,31.0,25.166751199381025,-5.833248800618985,0.133865697869048
jonathan walters,123,20.0,16.46932111604072,-3.5306788839592698,0.1338969196426075
marco borriello,203,32.0,27.229075855010784,-4.770924144989242,0.13413337859611224
prince oniangue,147,19.0,19.745825527248822,0.7458255272488075,0.1343253437227811
valere germain,149,30.0,20.0299648301661,-9.970035169833912,0.1344292941621886
adrian mutu,197,17.0,26.513314428595667,9.513314428595654,0.13458535242941963
rodrigo,114,9.0,15.365263639753318,6.365263639753328,0.13478301438380103
romelu lukaku,366,53.0,49.335986462231965,-3.664013537768088,0.13479777721921302
peter crouch,135,18.0,18.214932494686874,0.21493249468687628,0.13492542588656944
cyril thereau,365,54.0,49.307483803439425,-4.6925161965605735,0.13508899672175184
gonzalo bergessio,281,31.0,37.96651842190109,6.966518421901073,0.135112165202495
sascha molders,149,19.0,20.133071369085165,1.1330713690851664,0.13512128435627627
salomon rondon,128,17.0,17.320484543501095,0.3204845435010924,0.1353162854961023
olivier giroud,442,71.0,59.86905094516273,-11.130949054837345,0.13545034150489307
eden hazard,332,62.0,45.046184198903944,-16.95381580109603,0.13568127770754201
alexis sanchez,445,80.0,60.69041979212606,-19.309580207873942,0.13638296582500237
jeremie aliadiere,186,25.0,25.38111855784282,0.3811185578428057,0.13645762665506894
pedro,267,45.0,36.44337366958534,-8.556626330414685,0.13649203621567543
eden ben basat,109,20.0,14.881931479131865,-5.1180685208681345,0.13653148145992536
wilfried bony,263,33.0,36.01440719405509,3.014407194055088,0.1369369094830992
jakub blaszczykowski,120,21.0,16.44704193432348,-4.552958065676525,0.137058682786029
vincent aboubakar,197,25.0,27.07723231643434,2.077232316434346,0.13744787977885453
duvan zapata,136,24.0,18.717005324213673,-5.282994675786325,0.13762503914862995
ciro immobile,334,48.0,46.114603085865085,-1.8853969141348896,0.1380676739097757
michail antonio,114,16.0,15.741240462267843,-0.25875953773216076,0.13808105668656004
eduardo vargas,112,9.0,15.484347252648393,6.484347252648382,0.13825310047007494
emiliano sala,125,17.0,17.319429440099743,0.319429440099748,0.13855543552079794
michy batshuayi,160,27.0,22.220265704908545,-4.779734295091459,0.1388766606556784
jeremy menez,219,34.0,30.424274339763524,-3.575725660236485,0.13892362712220788
diego castro,151,17.0,20.988851403492696,3.988851403492693,0.13899901591717018
diafra sakho,113,15.0,15.712387240790639,0.7123872407906333,0.13904767469726229
paulinho,154,20.0,21.57629854367455,1.5762985436745511,0.1401058346991854
emmanuel riviere,166,20.0,23.277430939772472,3.277430939772452,0.14022548758899078
cedric bakambu,204,32.0,28.647114863213258,-3.3528851367867656,0.14042703364320225
luciano vietto,126,18.0,17.72493324716788,-0.2750667528321217,0.14067407339022125
james milner,122,17.0,17.166756625378625,0.16675662537862507,0.14071111988015267
lisandro lopez,103,14.0,14.551985343022015,0.5519853430220111,0.1412814110973011
iago aspas,238,39.0,33.65313145307028,-5.3468685469297474,0.14139971198769025
alex,102,13.0,14.427086306752134,1.4270863067521256,0.141442022615217
sadio mane,185,31.0,26.200246048851355,-4.799753951148663,0.14162295161541272
manucho,153,22.0,21.68307861502007,-0.31692138497994177,0.1417194680720266
juan mata,160,26.0,22.698054713687878,-3.3019452863121406,0.14186284196054924
charlie austin,173,25.0,24.581080890425618,-0.4189191095743884,0.1420871727770267
sloan privat,182,29.0,25.861440741245968,-3.1385592587540785,0.14209582824860423
leonardo bonucci,102,11.0,14.588538165946233,3.5885381659462277,0.14302488397986501
imanol agirretxe,314,48.0,44.92239388198345,-3.0776061180165817,0.14306494866873712
david barral,231,26.0,33.06096667280073,7.060966672800717,0.1431210678476222
giuseppe rossi,163,26.0,23.3533833287425,-2.646616671257533,0.14327229036038344
patrick herrmann,179,31.0,25.693591760377974,-5.306408239622025,0.14353961877306132
jefferson farfan,107,18.0,15.373849187748656,-2.6261508122513466,0.14368083353036126
francesc fabregas,140,27.0,20.123383470653774,-6.876616529346221,0.14373845336181268
adrian ramos,205,32.0,29.60564234914162,-2.3943576508583972,0.1444177675567884
edin dzeko,318,40.0,45.9482024914458,5.948202491445778,0.14449120280328867
danny welbeck,115,15.0,16.65647539961657,1.6564753996165753,0.14483891651840497
martin harnik,235,40.0,34.05311530988833,-5.946884690111696,0.14490687365909927
cristiano ronaldo,1190,198.0,172.51702170236334,-25.4829782976361,0.14497228714484314
nicolai muller,178,29.0,25.852755066422837,-3.1472449335771713,0.14524019700237548
daniel parejo,180,27.0,26.293236299883095,-0.70676370011691,0.14607353499935052
goran pandev,143,19.0,20.94857983891325,1.9485798389132414,0.14649356530708565
fernando llorente,282,56.0,41.342096390618934,-14.657903609381151,0.14660317869013806
steven fletcher,108,12.0,15.862165537431228,3.8621655374312374,0.1468719031243632
victor ibarbo,132,15.0,19.4483682482361,4.448368248236097,0.14733612309269772
wissam ben yedder,367,69.0,54.07838360881647,-14.921616391183512,0.1473525438932329
amauri,225,20.0,33.190712462511236,13.19071246251125,0.14751427761116104
ruben castro,415,69.0,61.339920401007525,-7.660079598992436,0.14780703711086152
gervinho,125,16.0,18.49002096298668,2.490020962986671,0.14792016770389343
saido berahino,172,22.0,25.461985819733034,3.4619858197330267,0.14803480127751764
vicente iborra,156,28.0,23.134188200776013,-4.865811799223997,0.14829607821010266
sergio ramos,154,21.0,22.886101051086076,1.8861010510860465,0.1486110457862732
alexander meier,291,57.0,43.29172757756042,-13.708272422439602,0.14876882329058563
harry kane,353,65.0,52.55696552931346,-12.443034470686522,0.14888658790173784
arouna kone,127,19.0,18.913497241864846,-0.08650275813515537,0.14892517513279407
franco di santo,109,18.0,16.288786781172348,-1.7112132188276492,0.14943841083644355
tomer hemed,143,17.0,21.38546226000257,4.385462260002562,0.1495486871328851
leonardo pavoletti,123,23.0,18.397401616975067,-4.602598383024932,0.149572370869716
lucas perez,156,25.0,23.353176410150493,-1.646823589849538,0.14969984878301598
shinji okazaki,244,37.0,36.55174925311154,-0.44825074688846755,0.14980225103734238
benjamin moukandjo,203,37.0,30.508221319954558,-6.491778680045433,0.15028680453179585
jermain defoe,191,32.0,28.70556769631476,-3.294432303685244,0.1502909303471977
bafetimbi gomis,458,66.0,68.84502580368985,2.8450258036898566,0.15031665022639706
divock origi,118,23.0,17.7715564397406,-5.228443560259396,0.15060641050627627
timo werner,167,22.0,25.27965901295043,3.279659012950446,0.15137520367036186
anthony ujah,128,23.0,19.428632904924456,-3.571367095075543,0.1517861945697223
marco sau,137,28.0,20.810725768409352,-7.189274231590649,0.1519031077986084
karim benzema,434,85.0,65.94214209099631,-19.057857909003662,0.15194041956450763
diego rolan,189,28.0,28.785814605030684,0.7858146050306665,0.15230589738111472
diego godin,133,12.0,20.299751804512436,8.299751804512438,0.15262971281588297
troy deeney,120,19.0,18.47451625110767,-0.525483748892331,0.15395430209256392
ezequiel lavezzi,180,29.0,27.794028937229328,-1.2059710627707014,0.15441127187349626
luis suarez,433,96.0,66.88513582290696,-29.114864177092986,0.15446913584966965
antonio di natale,515,76.0,79.71129384724385,3.7112938472438777,0.15477921135387154
mario mandzukic,329,67.0,51.15864480636363,-15.841355193636408,0.1554974006272451
santi mina,108,17.0,16.928466274089786,-0.07153372591021492,0.15674505809342396
robin van persie,116,19.0,18.19452476902856,-0.8054752309714419,0.15684935145714277
jamie vardy,184,34.0,28.92200129018457,-5.077998709815438,0.1571847896205683
pierreemerick aubameyang,580,100.0,91.22966542758404,-8.770334572415784,0.15729252659928283
roque santa cruz,153,24.0,24.089986164133197,0.08998616413318865,0.15745088996165488
cheick diabate,228,47.0,35.99193120875412,-11.008068791245897,0.1578593474068163
robert lewandowski,633,124.0,99.95818579681671,-24.04181420318322,0.15791182590334393
alvaro negredo,401,61.0,63.51505186747868,2.515051867478612,0.15839165054234086
christian benteke,243,36.0,38.51173694545304,2.5117369454530105,0.1584845141788191
mats hummels,121,10.0,19.17739877193201,9.17739877193201,0.15849089894158686
mustapha yatabare,127,15.0,20.172234185356327,5.172234185356326,0.15883648964847502
papiss demba cisse,164,25.0,26.06086481858499,1.0608648185849745,0.15890771230844505
jhon cordoba,103,16.0,16.3780515250352,0.37805152503520034,0.15901020898092427
thomas muller,390,67.0,62.45565644699567,-4.544343553004311,0.16014270883845044
anthony modeste,393,59.0,62.955536578076135,3.9555365780761074,0.1601922050332726
theo walcott,136,23.0,21.823777230132762,-1.1762227698672476,0.16046895022156443
charles,182,27.0,29.28077823400023,2.2807782340002047,0.16088339689011116
zlatan ibrahimovic,774,153.0,124.53973065280518,-28.460269347194593,0.16090404477106612
mattia destro,290,51.0,46.76752029462971,-4.2324797053702925,0.16126731136079211
lionel messi,914,205.0,147.78530131573564,-57.21469868426361,0.16169070165835409
salomon kalou,281,56.0,45.52644136206581,-10.473558637934193,0.16201580555895306
maxi lopez,160,22.0,25.926045006196865,3.926045006196855,0.16203778128873042
mame biram diouf,213,40.0,34.520134051923236,-5.479865948076768,0.1620663570512828
gonzalo higuain,552,118.0,89.58212638401476,-28.41787361598492,0.16228646084060644
sergio aguero,416,75.0,67.55552088030956,-7.444479119690424,0.16239307903920566
javi guerra,217,40.0,35.68730695765365,-4.31269304234634,0.16445763574955596
adam szalai,168,27.0,27.709724378275975,0.709724378275981,0.16493883558497605
pablo osvaldo,178,27.0,29.412204779519183,2.4122047795191692,0.16523710550291676
majeed waris,143,26.0,23.708384082924407,-2.2916159170756085,0.16579289568478606
vitolo,101,14.0,16.761299496691127,2.7612994966911226,0.1659534603632785
david villa,152,28.0,25.235480770439988,-2.7645192295600234,0.16602289980552623
dimitar berbatov,103,17.0,17.105568041169175,0.10556804116917608,0.16607347612785606
sejad salihovic,162,27.0,26.908602252007523,-0.09139774799250328,0.16610248303708347
mauricio pinilla,280,39.0,46.525015160071085,7.525015160071097,0.1661607684288253
alberto paloschi,261,44.0,43.542933622804156,-0.4570663771958526,0.16683116330576306
andrea belotti,172,32.0,28.759463489546945,-3.2405365104530723,0.1672061830787613
stefan kiessling,359,67.0,60.07912333548321,-6.920876664516754,0.16735131848324014
alexandre lacazette,391,88.0,65.47734268519062,-22.522657314809305,0.16746123448897857
luca toni,350,56.0,58.63311566766092,2.6331156676608973,0.16752318762188834
aritz aduriz,297,53.0,49.770599800107924,-3.229400199892069,0.16757777710474048
nils petersen,174,29.0,29.214064754618644,0.21406475461863944,0.16789692387711863
alessandro matri,208,39.0,35.152346103926305,-3.8476538960736972,0.16900166396118416
borja baston,104,18.0,17.650933802615253,-0.34906619738475275,0.16972051733283897
bruno,124,20.0,21.05568659179804,1.0556865917980176,0.16980392412740355
neymar,318,58.0,54.49027373160731,-3.509726268392657,0.1713530620490796
duje cop,112,16.0,19.192513168795802,3.1925131687957986,0.17136172472139108
german denis,335,56.0,57.96424548088718,1.9642454808871497,0.1730275984504095
paco alcacer,194,33.0,33.693254026892944,0.693254026892925,0.1736765671489327
emanuele calaio,116,18.0,20.165102614867944,2.1651026148679433,0.17383709150748228
joaquin larrivey,156,29.0,27.12635797144664,-1.8736420285533708,0.1738869100733759
alberto gilardino,235,47.0,40.876696681398606,-6.123303318601408,0.1739433901336111
klaasjan huntelaar,370,68.0,64.48780671944945,-3.512193280550591,0.17429136951202553
youssef elarabi,250,42.0,43.60941529037298,1.6094152903729688,0.17443766116149192
vedad ibisevic,293,54.0,51.122677118023134,-2.877322881976867,0.17448012668267282
nikola kalinic,119,21.0,20.76329952550851,-0.23670047449149437,0.17448150861771858
bas dost,137,36.0,23.906053187226934,-12.093946812773082,0.17449673859289733
javier hernandez,112,28.0,19.554661791211846,-8.445338208788165,0.1745951945643915
giampaolo pazzini,233,31.0,40.89502109076301,9.895021090763052,0.17551511197752365
christian stuani,184,34.0,32.55753606016691,-1.4424639398331054,0.17694313076177667
sergio pellissier,179,31.0,31.776917678727077,0.7769176787270495,0.17752467976942501
mauro icardi,323,72.0,57.78593678235035,-14.214063217649638,0.1789038290475243
sandro wagner,161,27.0,28.809580981022982,1.8095809810229644,0.17894149677654025
filip djordjevic,108,20.0,19.45967962126964,-0.5403203787303614,0.1801822187154596
aduriz,124,24.0,22.436349243515803,-1.5636507564841982,0.1809383003509339
mario gomez,221,48.0,40.04681324966607,-7.953186750333935,0.18120729977224467
rodrigo palacio,297,57.0,53.862485094747726,-3.1375149052522375,0.18135516866918427
roberto soldado,278,49.0,50.73396428413197,1.7339642841320388,0.18249627440335242
diego costa,410,93.0,75.10434734733238,-17.89565265266761,0.1831813349934936
falcao,381,80.0,70.17849761037061,-9.821502389629345,0.18419553178574963
miroslav klose,205,51.0,38.50903799272031,-12.490962007279677,0.18784896581814786
claudio pizarro,200,47.0,37.665619812553125,-9.334380187446856,0.18832809906276562
edinson cavani,623,121.0,118.25620131630318,-2.743798683696713,0.18981733758636143
jorge molina,164,29.0,31.59865032583465,2.5986503258346545,0.19267469710874788
steven gerrard,103,22.0,20.156916893696586,-1.8430831063034232,0.19569822226889888
dario cvitanich,116,30.0,22.7021822040266,-7.297817795973397,0.19570846727609137
miku,109,23.0,21.35028504482638,-1.6497149551736312,0.19587417472317778
ikechukwu uche,113,21.0,22.42891644082359,1.4289164408235857,0.19848598620197866
carlos bacca,230,57.0,46.001342289274405,-10.998657710725578,0.2000058360403235
kevin gameiro,303,63.0,61.48677731640909,-1.5132226835908706,0.202926657809931
diego milito,138,33.0,30.06923298726455,-2.930767012735443,0.2178929926613373
